, , , 
, , , 
, , , 
, , , 
, , , 
, , , 
, , , 
, , , 
, , , 
, , , 
b5518c2f-65fa-45d3-a813-83030729bfd8, monahan@hotmail.com, Emile, Schamberger
b5518c2f-65fa-45d3-a813-83030729bfd8, monahan@hotmail.com, Emile, Schamberger
b5518c2f-65fa-45d3-a813-83030729bfd8, monahan@hotmail.com, Emile, Schamberger
b5518c2f-65fa-45d3-a813-83030729bfd8, monahan@hotmail.com, Emile, Schamberger
b5518c2f-65fa-45d3-a813-83030729bfd8, monahan@hotmail.com, Emile, Schamberger
b5518c2f-65fa-45d3-a813-83030729bfd8, monahan@hotmail.com, Emile, Schamberger
b5518c2f-65fa-45d3-a813-83030729bfd8, monahan@hotmail.com, Emile, Schamberger
b5518c2f-65fa-45d3-a813-83030729bfd8, monahan@hotmail.com, Emile, Schamberger
b5518c2f-65fa-45d3-a813-83030729bfd8, monahan@hotmail.com, Emile, Schamberger
b5518c2f-65fa-45d3-a813-83030729bfd8, monahan@hotmail.com, Emile, Schamberger
